epoch,loss
1,0.32453003872777003
2,0.21335944075685054
3,0.19906469980008043
4,0.19611507978458417
